case_id,run_id,bike_context_for_pressure_model,pred_pressure_bar,pred_pressure_mean_bar,pred_pressure_window_std,n_windows
Case 1,TEST_CASE_1,FAT,1.9079151107328567,1.795613763505013,0.5110775724470632,18
Case 1,TEST_CASE_1,ISY,2.8942523978947365,2.839430634427158,0.24699063064815202,18
Case 1,TEST_CASE_1,MTB,2.6582182037393776,2.4802112163432333,0.4631123554823932,18
Case 2,TEST_CASE_2,FAT,0.672570817534575,0.6969184348652973,0.12183364132333256,17
Case 2,TEST_CASE_2,ISY,1.5058135448824208,1.6198865434140544,0.5686618938927779,17
Case 2,TEST_CASE_2,MTB,2.415357286340367,2.232434563917973,0.4898046658908846,17
Case 3,TEST_CASE_3,FAT,0.8415395197023274,0.8113725376002485,0.21132331481663133,9
Case 3,TEST_CASE_3,ISY,0.9931652994449598,1.1594849291585223,0.46528035851019506,9
Case 3,TEST_CASE_3,MTB,2.29221994097427,2.0921372032566814,0.5320637666067267,9
